ID,Title
https://kr.indeed.com/%EC%B1%84%EC%9A%A9%EB%B3%B4%EA%B8%B0?jk=91b0bac9d0ffd4e8,"Manager, Digital Content & Publishing, Brand adidas"
https://kr.indeed.com/%EC%B1%84%EC%9A%A9%EB%B3%B4%EA%B8%B0?jk=a0e5dd8e11908b0d,[Project Windless] Sr. Technical Artist
https://kr.indeed.com/%EC%B1%84%EC%9A%A9%EB%B3%B4%EA%B8%B0?jk=75243103225898f5,"Go-to-Market Strategy and Operations Lead (Korean, English)"
https://kr.indeed.com/%EC%B1%84%EC%9A%A9%EB%B3%B4%EA%B8%B0?jk=f3f2ba12b12f6e98,Sales Representative I
https://kr.indeed.com/%EC%B1%84%EC%9A%A9%EB%B3%B4%EA%B8%B0?jk=f2eeb29707995749,Credit Analyst
https://kr.indeed.com/%EC%B1%84%EC%9A%A9%EB%B3%B4%EA%B8%B0?jk=e837bcfb73c81cd7,[NAVER Cloud] 빅데이터 분석 플랫폼 개발
https://kr.indeed.com/%EC%B1%84%EC%9A%A9%EB%B3%B4%EA%B8%B0?jk=714575bd873bea2c,클라우드 보안 엔지니어 영입
https://kr.indeed.com/%EC%B1%84%EC%9A%A9%EB%B3%B4%EA%B8%B0?jk=06ec95cc1422fc8c,VOD&레코더 개발
https://kr.indeed.com/%EC%B1%84%EC%9A%A9%EB%B3%B4%EA%B8%B0?jk=ae47b6df02ca2f5c,Assistant Store Manager
https://kr.indeed.com/%EC%B1%84%EC%9A%A9%EB%B3%B4%EA%B8%B0?jk=9e716d454d8ab514,"Engineer, Field Applications"
https://kr.indeed.com/%EC%B1%84%EC%9A%A9%EB%B3%B4%EA%B8%B0?jk=418e0832975ca4eb,Korea Ecosystem Marketing Manager (IBM 비즈니스 파트너 마케팅)
https://kr.indeed.com/%EC%B1%84%EC%9A%A9%EB%B3%B4%EA%B8%B0?jk=19427f1670753b41,Industry Process Consultant
https://kr.indeed.com/%EC%B1%84%EC%9A%A9%EB%B3%B4%EA%B8%B0?jk=fa79eb329b547ffe,"Mendix - Senior Consultant (Full Stack Developer), Expert Se..."
https://kr.indeed.com/%EC%B1%84%EC%9A%A9%EB%B3%B4%EA%B8%B0?jk=d0c7756b2b74d3f7,Field Service Engineer South Korea
https://kr.indeed.com/%EC%B1%84%EC%9A%A9%EB%B3%B4%EA%B8%B0?jk=a1412844cf7df28d,Services Sales Partner
https://kr.indeed.com/%EC%B1%84%EC%9A%A9%EB%B3%B4%EA%B8%B0?jk=00c617d78cd9f3fd,Mendix - Senior Consultant (South Korea)
https://kr.indeed.com/%EC%B1%84%EC%9A%A9%EB%B3%B4%EA%B8%B0?jk=2e180f38133e54f1,Sales & Education Executive for TR Korea JML/BB/FM
https://kr.indeed.com/%EC%B1%84%EC%9A%A9%EB%B3%B4%EA%B8%B0?jk=3281a34535101e49,EHS Specialist
https://kr.indeed.com/%EC%B1%84%EC%9A%A9%EB%B3%B4%EA%B8%B0?jk=f24e9df35ada830d,Heavy Wheel Mechanic
https://kr.indeed.com/%EC%B1%84%EC%9A%A9%EB%B3%B4%EA%B8%B0?jk=26f2f3b25f0f544e,"도서팀, 세일즈 매니저 Senior Sales Manager, Books (South Korea)"
https://kr.indeed.com/%EC%B1%84%EC%9A%A9%EB%B3%B4%EA%B8%B0?jk=55144ad9d6011999,Computer Science Teacher
https://kr.indeed.com/%EC%B1%84%EC%9A%A9%EB%B3%B4%EA%B8%B0?jk=ab278fca609c8467,사업개발 (Business Development) 정규직
https://kr.indeed.com/%EC%B1%84%EC%9A%A9%EB%B3%B4%EA%B8%B0?jk=17226d5a24190664,"Professional, Digital Marketing"
https://kr.indeed.com/%EC%B1%84%EC%9A%A9%EB%B3%B4%EA%B8%B0?jk=b82d950ec2feeba0,Community Associate
https://kr.indeed.com/%EC%B1%84%EC%9A%A9%EB%B3%B4%EA%B8%B0?jk=baa286e519d45f74,Industry Process Consultant - Platform
https://kr.indeed.com/%EC%B1%84%EC%9A%A9%EB%B3%B4%EA%B8%B0?jk=fd8c829553b2a148,"Manufacturing Quality Technician Yangsan, South Korea Operat..."
https://kr.indeed.com/%EC%B1%84%EC%9A%A9%EB%B3%B4%EA%B8%B0?jk=f9c3981932d44cfc,인프라 엔지니어
https://kr.indeed.com/%EC%B1%84%EC%9A%A9%EB%B3%B4%EA%B8%B0?jk=2dd3e8a1d5dadc7c,Payroll Practitioner
https://kr.indeed.com/%EC%B1%84%EC%9A%A9%EB%B3%B4%EA%B8%B0?jk=6647896778b86222,Executive Assistant and Project Specialist
https://kr.indeed.com/%EC%B1%84%EC%9A%A9%EB%B3%B4%EA%B8%B0?jk=1395d7a107cd3990,GEC Educator (Customer Service) - Korea (5 Months)
https://kr.indeed.com/%EC%B1%84%EC%9A%A9%EB%B3%B4%EA%B8%B0?jk=ce900b80fb8689bf,Strategy Consultant
https://kr.indeed.com/%EC%B1%84%EC%9A%A9%EB%B3%B4%EA%B8%B0?jk=eed48c626fa73aa1,"Lead, People Operations"
https://kr.indeed.com/%EC%B1%84%EC%9A%A9%EB%B3%B4%EA%B8%B0?jk=171b90523cb17d03,Apple Support Business and Education Advisor (Korean & Engli...
https://kr.indeed.com/%EC%B1%84%EC%9A%A9%EB%B3%B4%EA%B8%B0?jk=b38845dcdfdcef39,민트팟 앱/웹 서비스 기획 신입
https://kr.indeed.com/%EC%B1%84%EC%9A%A9%EB%B3%B4%EA%B8%B0?jk=e34df077f64bab64,Gunsmith III - Camp Carroll
https://kr.indeed.com/%EC%B1%84%EC%9A%A9%EB%B3%B4%EA%B8%B0?jk=00e4e602656364bd,Business Operations Coordinator (Team Admin Assistant based...
https://kr.indeed.com/%EC%B1%84%EC%9A%A9%EB%B3%B4%EA%B8%B0?jk=13533c014c7e325e,Partner Recruiting & Activation Specialist
https://kr.indeed.com/%EC%B1%84%EC%9A%A9%EB%B3%B4%EA%B8%B0?jk=bd77f41ffeb5290b,Sales Manager
https://kr.indeed.com/%EC%B1%84%EC%9A%A9%EB%B3%B4%EA%B8%B0?jk=6b0693346179f121,Big Data and AI Presales consultant
https://kr.indeed.com/%EC%B1%84%EC%9A%A9%EB%B3%B4%EA%B8%B0?jk=838182ba7355dd02,[Product Strategy팀] B2B Product 기획 리더
https://kr.indeed.com/%EC%B1%84%EC%9A%A9%EB%B3%B4%EA%B8%B0?jk=c760eaeeecaf7662,Client Success and Support Engineer
https://kr.indeed.com/%EC%B1%84%EC%9A%A9%EB%B3%B4%EA%B8%B0?jk=a5680079cf9c5a5c,[플레이채팅 유닛(CIC)] 서버 개발자 영입
https://kr.indeed.com/%EC%B1%84%EC%9A%A9%EB%B3%B4%EA%B8%B0?jk=df5ab705f3a414ee,"Sr. Application Architect, Professional Services"
https://kr.indeed.com/%EC%B1%84%EC%9A%A9%EB%B3%B4%EA%B8%B0?jk=486b9cb21c586227,"Video Specialist, Large Customer Sales (English, Korean)"
https://kr.indeed.com/%EC%B1%84%EC%9A%A9%EB%B3%B4%EA%B8%B0?jk=c7ef7591326ac228,Web / Spring Framework Developer
https://kr.indeed.com/%EC%B1%84%EC%9A%A9%EB%B3%B4%EA%B8%B0?jk=90538b1c6cb4d437,Content Manager
https://kr.indeed.com/%EC%B1%84%EC%9A%A9%EB%B3%B4%EA%B8%B0?jk=fa0fddca8ee6f786,"Program Activation Manager, Twitch"
https://kr.indeed.com/%EC%B1%84%EC%9A%A9%EB%B3%B4%EA%B8%B0?jk=c675954fcfbae474,"Assistant Manager, Transactional Sales, South Korea"
https://kr.indeed.com/%EC%B1%84%EC%9A%A9%EB%B3%B4%EA%B8%B0?jk=223d2f4d5b5ef801,Product Specialist – ARC
https://kr.indeed.com/%EC%B1%84%EC%9A%A9%EB%B3%B4%EA%B8%B0?jk=1c9592dde164571a,Field Sales Engineer
https://kr.indeed.com/%EC%B1%84%EC%9A%A9%EB%B3%B4%EA%B8%B0?jk=6691c7ce0a43549c,"Sustainability Enablement, South Korea"
https://kr.indeed.com/%EC%B1%84%EC%9A%A9%EB%B3%B4%EA%B8%B0?jk=37b5086728de92a8,Apple Diversity Program - 장애인 채용
https://kr.indeed.com/%EC%B1%84%EC%9A%A9%EB%B3%B4%EA%B8%B0?jk=67a8f945a5ea0bc3,USA Nurse
https://kr.indeed.com/%EC%B1%84%EC%9A%A9%EB%B3%B4%EA%B8%B0?jk=c246f77aaf31dabc,[NAVER Cloud] MYBOX 서버 개발
https://kr.indeed.com/%EC%B1%84%EC%9A%A9%EB%B3%B4%EA%B8%B0?jk=14db58a61a9a41dc,Cashier
https://kr.indeed.com/%EC%B1%84%EC%9A%A9%EB%B3%B4%EA%B8%B0?jk=5106de88c1b69c25,AI서비스 개발자
https://kr.indeed.com/%EC%B1%84%EC%9A%A9%EB%B3%B4%EA%B8%B0?jk=7202a4c549df9ccf,보안 검수/분석 담당자 모집
https://kr.indeed.com/%EC%B1%84%EC%9A%A9%EB%B3%B4%EA%B8%B0?jk=c14b6d6c1bc5a2d3,Stock Clerk
https://kr.indeed.com/%EC%B1%84%EC%9A%A9%EB%B3%B4%EA%B8%B0?jk=06b9668edcc79937,블록체인 플랫폼 및 서비스 개발
https://kr.indeed.com/%EC%B1%84%EC%9A%A9%EB%B3%B4%EA%B8%B0?jk=ccf8220ee1cd4011,Supply Technician
https://kr.indeed.com/%EC%B1%84%EC%9A%A9%EB%B3%B4%EA%B8%B0?jk=9cddede5672d101b,Associate/Administrative Pastor
https://kr.indeed.com/%EC%B1%84%EC%9A%A9%EB%B3%B4%EA%B8%B0?jk=879cd4ab7df35526,"Customer Service Business Support, Diagnostics"
https://kr.indeed.com/%EC%B1%84%EC%9A%A9%EB%B3%B4%EA%B8%B0?jk=6f2f8569589ff83e,Business Development and Sales Intern
https://kr.indeed.com/%EC%B1%84%EC%9A%A9%EB%B3%B4%EA%B8%B0?jk=d2745a2aa2256afb,사업 확장에 따른 개발자(Unity) 및 디자이너(3D모델링)
https://kr.indeed.com/%EC%B1%84%EC%9A%A9%EB%B3%B4%EA%B8%B0?jk=13a679ac63c7abf4,Project Management Intern
https://kr.indeed.com/%EC%B1%84%EC%9A%A9%EB%B3%B4%EA%B8%B0?jk=2fdc7658c0d3c491,[뉴플랫폼기술] 클라우드 엔지니어(보안)
https://kr.indeed.com/%EC%B1%84%EC%9A%A9%EB%B3%B4%EA%B8%B0?jk=33d940889e2a0a7c,"[Expeditors Korea] 항공수입, 해운수출, 재무부 신입사원"
https://kr.indeed.com/%EC%B1%84%EC%9A%A9%EB%B3%B4%EA%B8%B0?jk=9bc0eb7cb13485dd,Sales Manager
https://kr.indeed.com/%EC%B1%84%EC%9A%A9%EB%B3%B4%EA%B8%B0?jk=8c6b60f84776d526,블록체인구축운영 경력 정규직
https://kr.indeed.com/%EC%B1%84%EC%9A%A9%EB%B3%B4%EA%B8%B0?jk=fe8c624168faae65,Track Mechanic
https://kr.indeed.com/%EC%B1%84%EC%9A%A9%EB%B3%B4%EA%B8%B0?jk=a91caa33f1e531fd,에이티바이오 생산팀
https://kr.indeed.com/%EC%B1%84%EC%9A%A9%EB%B3%B4%EA%B8%B0?jk=73b978519028d615,전략 컨설팅펌 컨설턴트 (신입/경력)
https://kr.indeed.com/%EC%B1%84%EC%9A%A9%EB%B3%B4%EA%B8%B0?jk=500ae0593a5a6296,백엔드개발자 경력 정규직
https://kr.indeed.com/%EC%B1%84%EC%9A%A9%EB%B3%B4%EA%B8%B0?jk=7f5a422de6aa2058,"Associate, Customer Service (Ecommerce)"
https://kr.indeed.com/%EC%B1%84%EC%9A%A9%EB%B3%B4%EA%B8%B0?jk=750465aa2fcb53cc,Film Creative
https://kr.indeed.com/%EC%B1%84%EC%9A%A9%EB%B3%B4%EA%B8%B0?jk=dce2abed85cbe3a9,"[삼성동] Application 보안담당자 (5년이상,시니어)"
https://kr.indeed.com/%EC%B1%84%EC%9A%A9%EB%B3%B4%EA%B8%B0?jk=24f53f9b7412ccc4,[Manta] Title Marketing Manager
https://kr.indeed.com/%EC%B1%84%EC%9A%A9%EB%B3%B4%EA%B8%B0?jk=e5368b0ffaa0e804,시니어 백엔드 개발자 정규직
https://kr.indeed.com/%EC%B1%84%EC%9A%A9%EB%B3%B4%EA%B8%B0?jk=f94fd2fd0e93cb5c,[데이터 프로덕트] 데이터 엔지니어 모집
https://kr.indeed.com/%EC%B1%84%EC%9A%A9%EB%B3%B4%EA%B8%B0?jk=03ca54d9a8bbccda,클라우드 보안 엔지니어
https://kr.indeed.com/%EC%B1%84%EC%9A%A9%EB%B3%B4%EA%B8%B0?jk=5630b41a4ef05817,Gunsmith II
https://kr.indeed.com/%EC%B1%84%EC%9A%A9%EB%B3%B4%EA%B8%B0?jk=0cb8f89692f0b067,Research
https://kr.indeed.com/%EC%B1%84%EC%9A%A9%EB%B3%B4%EA%B8%B0?jk=44f7c818eea05a2a,Product Marketing Intern - Korea
https://kr.indeed.com/%EC%B1%84%EC%9A%A9%EB%B3%B4%EA%B8%B0?jk=2353286178ead743,Online Sales Lead - KR
https://kr.indeed.com/%EC%B1%84%EC%9A%A9%EB%B3%B4%EA%B8%B0?jk=4ca293b919dee8a8,크래시 수집 라이브러리 개발자 모집
https://kr.indeed.com/%EC%B1%84%EC%9A%A9%EB%B3%B4%EA%B8%B0?jk=2e1ff9151bacf64e,위고블록체인 연구소 연구원
https://kr.indeed.com/%EC%B1%84%EC%9A%A9%EB%B3%B4%EA%B8%B0?jk=669ccd5c8645cf89,General Business Sales Executive
https://kr.indeed.com/%EC%B1%84%EC%9A%A9%EB%B3%B4%EA%B8%B0?jk=ff0e549738f8cb3f,BackEnd 개발자 모집
https://kr.indeed.com/%EC%B1%84%EC%9A%A9%EB%B3%B4%EA%B8%B0?jk=94a12e20882badac,Korea LCS Growth Leader
https://kr.indeed.com/%EC%B1%84%EC%9A%A9%EB%B3%B4%EA%B8%B0?jk=06259f0f81eb40ea,Performance Ad Operations Intern
https://kr.indeed.com/%EC%B1%84%EC%9A%A9%EB%B3%B4%EA%B8%B0?jk=9874329553ce5126,[NAVER Cloud] Media 서비스 개발
https://kr.indeed.com/%EC%B1%84%EC%9A%A9%EB%B3%B4%EA%B8%B0?jk=779308199b01959c,Clinical Research Associate Entry
https://kr.indeed.com/%EC%B1%84%EC%9A%A9%EB%B3%B4%EA%B8%B0?jk=4437be361c7200e1,"UPS Product Marketing Specialist, Electrification, Seoul"
https://kr.indeed.com/%EC%B1%84%EC%9A%A9%EB%B3%B4%EA%B8%B0?jk=93cbf581f0193863,Employer Branding Intern APAC- Seoul
https://kr.indeed.com/%EC%B1%84%EC%9A%A9%EB%B3%B4%EA%B8%B0?jk=9f2e21d749b7dba5,Trade Marketing Manager(Seoul) with Distribution Partner
https://kr.indeed.com/%EC%B1%84%EC%9A%A9%EB%B3%B4%EA%B8%B0?jk=276ba00b82cb9de1,M1A2 Track Mechanic - Camp Carroll (Daegu)
https://kr.indeed.com/%EC%B1%84%EC%9A%A9%EB%B3%B4%EA%B8%B0?jk=6ca283c95cf2e774,Research Executive
https://kr.indeed.com/%EC%B1%84%EC%9A%A9%EB%B3%B4%EA%B8%B0?jk=ba28a2eae3ce022a,Sales Associate
https://kr.indeed.com/%EC%B1%84%EC%9A%A9%EB%B3%B4%EA%B8%B0?jk=6534c2cfc3ca0cec,Facilities Engineer - Camp Carroll
https://kr.indeed.com/%EC%B1%84%EC%9A%A9%EB%B3%B4%EA%B8%B0?jk=e5a8df5a4482e3ce,"광고기획(AE), 아트디렉터 경력 정규직"
https://kr.indeed.com/%EC%B1%84%EC%9A%A9%EB%B3%B4%EA%B8%B0?jk=248feef7cc140c78,Senior Instructor
https://kr.indeed.com/%EC%B1%84%EC%9A%A9%EB%B3%B4%EA%B8%B0?jk=393adeff87a4957f,Startup - Account Manager
https://kr.indeed.com/%EC%B1%84%EC%9A%A9%EB%B3%B4%EA%B8%B0?jk=7c54ebfbc25d809e,"Market Safety Lead Seoul, South Korea Operations"
https://kr.indeed.com/%EC%B1%84%EC%9A%A9%EB%B3%B4%EA%B8%B0?jk=28abaf51fe2db9a7,Recreation Aid (Lifeguard)
https://kr.indeed.com/%EC%B1%84%EC%9A%A9%EB%B3%B4%EA%B8%B0?jk=20b5a95b14ab7935,Application Developer
https://kr.indeed.com/%EC%B1%84%EC%9A%A9%EB%B3%B4%EA%B8%B0?jk=cd2787e06a0e5ec5,SOFTWARE ENGINEER - BACKEND
https://kr.indeed.com/%EC%B1%84%EC%9A%A9%EB%B3%B4%EA%B8%B0?jk=47925874c681eb4b,민트팟 VR앱/웹 서비스기획 경력
https://kr.indeed.com/%EC%B1%84%EC%9A%A9%EB%B3%B4%EA%B8%B0?jk=bd1bc627b85664b4,머신러닝 엔지니어 (Machine Learning Engineer)
https://kr.indeed.com/%EC%B1%84%EC%9A%A9%EB%B3%B4%EA%B8%B0?jk=f639e6a79b18d0fc,Application Engineer
https://kr.indeed.com/%EC%B1%84%EC%9A%A9%EB%B3%B4%EA%B8%B0?jk=ef90811a66173b99,Frontend 개발자
https://kr.indeed.com/%EC%B1%84%EC%9A%A9%EB%B3%B4%EA%B8%B0?jk=5de8caaeb8ec2dc4,"Product Manager, Electrophysiology Job"
https://kr.indeed.com/%EC%B1%84%EC%9A%A9%EB%B3%B4%EA%B8%B0?jk=aad13961b12efb3d,[2022 전문연구요원] Programming - 서비스 플랫폼 개발
https://kr.indeed.com/%EC%B1%84%EC%9A%A9%EB%B3%B4%EA%B8%B0?jk=2252bd5d0ed5210a,"Full Stack Software Engineer, TensorFlow Extended (English)"
https://kr.indeed.com/%EC%B1%84%EC%9A%A9%EB%B3%B4%EA%B8%B0?jk=f5e185de51639356,Partner Account Executive
https://kr.indeed.com/%EC%B1%84%EC%9A%A9%EB%B3%B4%EA%B8%B0?jk=149f9692fa7e6bc6,유명 주식투자 정보제공 기업 앱개발(iOS/Android) 프리랜서
https://kr.indeed.com/%EC%B1%84%EC%9A%A9%EB%B3%B4%EA%B8%B0?jk=2054fe69286b4687,"Account Manager, Pico"
https://kr.indeed.com/%EC%B1%84%EC%9A%A9%EB%B3%B4%EA%B8%B0?jk=7d67c3039f2cfaab,Leasing Manager (Sales Manager)
https://kr.indeed.com/%EC%B1%84%EC%9A%A9%EB%B3%B4%EA%B8%B0?jk=4106e66c37721645,Project Leader
https://kr.indeed.com/%EC%B1%84%EC%9A%A9%EB%B3%B4%EA%B8%B0?jk=e302d406b55ff204,Coordinator 2
https://kr.indeed.com/%EC%B1%84%EC%9A%A9%EB%B3%B4%EA%B8%B0?jk=1075d4a80f47e33c,"IT Business analyst, SCM digital transformation"
https://kr.indeed.com/%EC%B1%84%EC%9A%A9%EB%B3%B4%EA%B8%B0?jk=d0568b450a43b3e4,Partner Success Specialist
https://kr.indeed.com/%EC%B1%84%EC%9A%A9%EB%B3%B4%EA%B8%B0?jk=fb18b966f5c66e42,Growth Scout - Korea
https://kr.indeed.com/%EC%B1%84%EC%9A%A9%EB%B3%B4%EA%B8%B0?jk=8d0d2bf8c87fb7e4,오가노이드사이언스 BD 담당(국내/해외)
https://kr.indeed.com/%EC%B1%84%EC%9A%A9%EB%B3%B4%EA%B8%B0?jk=6afc4ea116ad38ea,DCGS-ELS Materiel Manager (OCONUS - Osan AFB) (Secret Cleara...
https://kr.indeed.com/%EC%B1%84%EC%9A%A9%EB%B3%B4%EA%B8%B0?jk=522df9f2603dfb81,"Mendix - Senior Consultant (Full Stack Developer), Expert Se"
https://kr.indeed.com/%EC%B1%84%EC%9A%A9%EB%B3%B4%EA%B8%B0?jk=9643760818195064,Account Executive - University
https://kr.indeed.com/%EC%B1%84%EC%9A%A9%EB%B3%B4%EA%B8%B0?jk=aa1663a67094add7,"Marketing Director, Cross Industry"
https://kr.indeed.com/%EC%B1%84%EC%9A%A9%EB%B3%B4%EA%B8%B0?jk=b584501cf8711d83,SMB Sales Operation Specialist (Regional)
https://kr.indeed.com/%EC%B1%84%EC%9A%A9%EB%B3%B4%EA%B8%B0?jk=0c45321a8d3c6dbd,SOFTWARE DEVELOPMENT ENGINEER (KOREA)
https://kr.indeed.com/%EC%B1%84%EC%9A%A9%EB%B3%B4%EA%B8%B0?jk=790c873917b3b81e,"PR&Communications Manager, NARS"
https://kr.indeed.com/%EC%B1%84%EC%9A%A9%EB%B3%B4%EA%B8%B0?jk=73b43be3a09ad6f9,민트팟 앱/웹 서비스 기획자 신입
https://kr.indeed.com/%EC%B1%84%EC%9A%A9%EB%B3%B4%EA%B8%B0?jk=662a66149197ad93,Application Architect - AYF
https://kr.indeed.com/%EC%B1%84%EC%9A%A9%EB%B3%B4%EA%B8%B0?jk=8c3fee33e5639dd4,"Marketing Director, Cross Industry"
https://kr.indeed.com/%EC%B1%84%EC%9A%A9%EB%B3%B4%EA%B8%B0?jk=fc772c1f33a11e1d,Retail Business Strategy Specialist (PC & Van)
https://kr.indeed.com/%EC%B1%84%EC%9A%A9%EB%B3%B4%EA%B8%B0?jk=eb7864a31559c303,민트팟 앱/웹 서비스 기획자 경력
https://kr.indeed.com/%EC%B1%84%EC%9A%A9%EB%B3%B4%EA%B8%B0?jk=5784fda1e752fc3c,"Prisma Cloud Sales Specialist, Korea"
https://kr.indeed.com/%EC%B1%84%EC%9A%A9%EB%B3%B4%EA%B8%B0?jk=980ea0487e7d6d5a,"진료실, 데스크, 보험청구, 치과내 기공실, 치과기공소"
https://kr.indeed.com/%EC%B1%84%EC%9A%A9%EB%B3%B4%EA%B8%B0?jk=0245be458ce46acc,Distribution Partner Manager
https://kr.indeed.com/%EC%B1%84%EC%9A%A9%EB%B3%B4%EA%B8%B0?jk=81a294aebe281ad8,"Product Manager, Wear OS"
https://kr.indeed.com/%EC%B1%84%EC%9A%A9%EB%B3%B4%EA%B8%B0?jk=aec461f105d1cb32,"Sr. Containers Specialist, Korea"
https://kr.indeed.com/%EC%B1%84%EC%9A%A9%EB%B3%B4%EA%B8%B0?jk=028b59ea7857aea0,SMB Sales Operation Specialist (Regional)
https://kr.indeed.com/%EC%B1%84%EC%9A%A9%EB%B3%B4%EA%B8%B0?jk=b45320fd74a51be5,Product Manager for Medical Display
https://kr.indeed.com/%EC%B1%84%EC%9A%A9%EB%B3%B4%EA%B8%B0?jk=84de19ffd8b40b9b,"Sales Enablement and Operations Lead, Korea"
https://kr.indeed.com/%EC%B1%84%EC%9A%A9%EB%B3%B4%EA%B8%B0?jk=2ea8c1bc32464079,[위메프서비스] SRE(Site Reliability Engineering) 담당자
https://kr.indeed.com/%EC%B1%84%EC%9A%A9%EB%B3%B4%EA%B8%B0?jk=a383d5624a026d98,"Startup SA Manager, Korea"
https://kr.indeed.com/%EC%B1%84%EC%9A%A9%EB%B3%B4%EA%B8%B0?jk=b2fd1ba7aa5152ce,"Associate Partner Development Manager, gReach Program for Pe..."
https://kr.indeed.com/%EC%B1%84%EC%9A%A9%EB%B3%B4%EA%B8%B0?jk=3d4674202b6365e4,"Centre of Excellence Expert, SAP Intelligent Spend & Busines..."
https://kr.indeed.com/%EC%B1%84%EC%9A%A9%EB%B3%B4%EA%B8%B0?jk=aa2501254ef89381,"Manager Workplace Experience Seoul, South Korea Workplace Ex..."
https://kr.indeed.com/%EC%B1%84%EC%9A%A9%EB%B3%B4%EA%B8%B0?jk=f862c821b0734933,[NAVER Cloud] Media 서비스 개발
https://kr.indeed.com/%EC%B1%84%EC%9A%A9%EB%B3%B4%EA%B8%B0?jk=3aaa2b7f13d49b6e,Sales Engineer - Korea
https://kr.indeed.com/%EC%B1%84%EC%9A%A9%EB%B3%B4%EA%B8%B0?jk=eb114318969d6900,Community Manager - Engagement (APAC)
https://kr.indeed.com/%EC%B1%84%EC%9A%A9%EB%B3%B4%EA%B8%B0?jk=b45320fd74a51be5,Product Manager for Medical Display
https://kr.indeed.com/%EC%B1%84%EC%9A%A9%EB%B3%B4%EA%B8%B0?jk=ed2aaaabda2b3ec5,Samsung Ecosystem Manager – APAC
https://kr.indeed.com/%EC%B1%84%EC%9A%A9%EB%B3%B4%EA%B8%B0?jk=dc1116919eb2c5a4,"Senior Producer for Video, Seoul"
https://kr.indeed.com/%EC%B1%84%EC%9A%A9%EB%B3%B4%EA%B8%B0?jk=8a28e43defdbd8fd,레이첼블루 백엔드 개발
https://kr.indeed.com/%EC%B1%84%EC%9A%A9%EB%B3%B4%EA%B8%B0?jk=1bf0f60a9b6dac22,[NAVER Cloud] 네이버클라우드 분산 데이터베이스 상품 개발
https://kr.indeed.com/%EC%B1%84%EC%9A%A9%EB%B3%B4%EA%B8%B0?jk=13533c014c7e325e,Partner Recruiting & Activation Specialist
https://kr.indeed.com/%EC%B1%84%EC%9A%A9%EB%B3%B4%EA%B8%B0?jk=a918a28d92530d76,Marketing Manager(Korea & Emerging Asia)
https://kr.indeed.com/%EC%B1%84%EC%9A%A9%EB%B3%B4%EA%B8%B0?jk=455cb154f456e201,Industry Process Consultant (Customer Engagement)
https://kr.indeed.com/%EC%B1%84%EC%9A%A9%EB%B3%B4%EA%B8%B0?jk=9383b1846a0fd229,[NAVER Cloud] MYBOX 서버 개발
https://kr.indeed.com/%EC%B1%84%EC%9A%A9%EB%B3%B4%EA%B8%B0?jk=f9c3981932d44cfc,인프라 엔지니어
https://kr.indeed.com/%EC%B1%84%EC%9A%A9%EB%B3%B4%EA%B8%B0?jk=85f17c51536c1208,"Partner Business Development Manager, Google Cloud"
https://kr.indeed.com/%EC%B1%84%EC%9A%A9%EB%B3%B4%EA%B8%B0?jk=17226d5a24190664,"Professional, Digital Marketing"
https://kr.indeed.com/%EC%B1%84%EC%9A%A9%EB%B3%B4%EA%B8%B0?jk=4acaa0a303f64c41,Cloud Developer - SAP HANA Cloud and Databases
https://kr.indeed.com/%EC%B1%84%EC%9A%A9%EB%B3%B4%EA%B8%B0?jk=0245be458ce46acc,Distribution Partner Manager
https://kr.indeed.com/%EC%B1%84%EC%9A%A9%EB%B3%B4%EA%B8%B0?jk=3281a34535101e49,EHS Specialist
https://kr.indeed.com/%EC%B1%84%EC%9A%A9%EB%B3%B4%EA%B8%B0?jk=879cd4ab7df35526,"Customer Service Business Support, Diagnostics"
https://kr.indeed.com/%EC%B1%84%EC%9A%A9%EB%B3%B4%EA%B8%B0?jk=f4ad5fea1652748d,웹 API 개발
https://kr.indeed.com/%EC%B1%84%EC%9A%A9%EB%B3%B4%EA%B8%B0?jk=223d2f4d5b5ef801,Product Specialist – ARC
https://kr.indeed.com/%EC%B1%84%EC%9A%A9%EB%B3%B4%EA%B8%B0?jk=f9e72f885b1dbfb3,Sales Consultant
https://kr.indeed.com/%EC%B1%84%EC%9A%A9%EB%B3%B4%EA%B8%B0?jk=5ce1a17977d28aca,Product Marketing Specialist
https://kr.indeed.com/%EC%B1%84%EC%9A%A9%EB%B3%B4%EA%B8%B0?jk=94b76c8c218d1ba9,Graduate Engineering Program
https://kr.indeed.com/%EC%B1%84%EC%9A%A9%EB%B3%B4%EA%B8%B0?jk=128dc706cb37e540,"Industry Process Consultant - Technical Support for EM, Elec..."
https://kr.indeed.com/%EC%B1%84%EC%9A%A9%EB%B3%B4%EA%B8%B0?jk=3b67b9c1e79a7caa,Sr. Brand Manager-Innovation
https://kr.indeed.com/%EC%B1%84%EC%9A%A9%EB%B3%B4%EA%B8%B0?jk=f5e185de51639356,Partner Account Executive
https://kr.indeed.com/%EC%B1%84%EC%9A%A9%EB%B3%B4%EA%B8%B0?jk=59f3d75f02054110,"Strategic Partnerships Development Manager, Google Play (Eng..."
https://kr.indeed.com/%EC%B1%84%EC%9A%A9%EB%B3%B4%EA%B8%B0?jk=68cb3d5bc53174dc,[Manta] Title Marketing Manager
https://kr.indeed.com/%EC%B1%84%EC%9A%A9%EB%B3%B4%EA%B8%B0?jk=c0c4c4c43e833915,Marketing Specialist
https://kr.indeed.com/%EC%B1%84%EC%9A%A9%EB%B3%B4%EA%B8%B0?jk=aa1663a67094add7,"Marketing Director, Cross Industry"
https://kr.indeed.com/%EC%B1%84%EC%9A%A9%EB%B3%B4%EA%B8%B0?jk=2ea8c1bc32464079,[위메프서비스] SRE(Site Reliability Engineering) 담당자
https://kr.indeed.com/%EC%B1%84%EC%9A%A9%EB%B3%B4%EA%B8%B0?jk=6f54d83c3797e1f2,Strategic Client Technology Lead
https://kr.indeed.com/%EC%B1%84%EC%9A%A9%EB%B3%B4%EA%B8%B0?jk=16f1d5e738d49c73,SAP SD or MM Sr. level
https://kr.indeed.com/%EC%B1%84%EC%9A%A9%EB%B3%B4%EA%B8%B0?jk=5caac87c3bd9e0a7,"Customer Service Business Support, Diagnostics"
https://kr.indeed.com/%EC%B1%84%EC%9A%A9%EB%B3%B4%EA%B8%B0?jk=f2eeb29707995749,Credit Analyst
https://kr.indeed.com/%EC%B1%84%EC%9A%A9%EB%B3%B4%EA%B8%B0?jk=ddff4b21033c5761,[르니앤맥코이] 판교 파미어스몰 매니저(중간관리) 채용!!!
https://kr.indeed.com/%EC%B1%84%EC%9A%A9%EB%B3%B4%EA%B8%B0?jk=62a8f9bf4b35eace,민트팟 B2C/B2B 마케팅 경력직
https://kr.indeed.com/%EC%B1%84%EC%9A%A9%EB%B3%B4%EA%B8%B0?jk=d6a0b3405f9b7554,(주)혜성 품질관리팀 품질 공정관리
https://kr.indeed.com/%EC%B1%84%EC%9A%A9%EB%B3%B4%EA%B8%B0?jk=2252bd5d0ed5210a,"Full Stack Software Engineer, TensorFlow Extended (English)"
https://kr.indeed.com/%EC%B1%84%EC%9A%A9%EB%B3%B4%EA%B8%B0?jk=aba181570a9d0a1c,ESG Engineer
https://kr.indeed.com/%EC%B1%84%EC%9A%A9%EB%B3%B4%EA%B8%B0?jk=817d033ba95b45a6,Sales Ops Specialist
https://kr.indeed.com/%EC%B1%84%EC%9A%A9%EB%B3%B4%EA%B8%B0?jk=b017eaabc359219a,조일알미늄(주) 설비보전직(공무과)
https://kr.indeed.com/%EC%B1%84%EC%9A%A9%EB%B3%B4%EA%B8%B0?jk=f1dc46f1e1276cae,APPAREL MERCHANDISING MANAGER
https://kr.indeed.com/%EC%B1%84%EC%9A%A9%EB%B3%B4%EA%B8%B0?jk=63e0f1179fa76c58,"Development Engineer, Electrical/Electronics"
https://kr.indeed.com/%EC%B1%84%EC%9A%A9%EB%B3%B4%EA%B8%B0?jk=5feffe0fc30e44eb,데이터 엔지니어 (Data Engineer)
https://kr.indeed.com/%EC%B1%84%EC%9A%A9%EB%B3%B4%EA%B8%B0?jk=5374e3b71e70028f,시니어 서버 엔지니어 (Senior Server Engineer)
https://kr.indeed.com/%EC%B1%84%EC%9A%A9%EB%B3%B4%EA%B8%B0?jk=2525dafd069a6995,[르니앤맥코이] AK금정 매니저(중간관리) 채용!!!
https://kr.indeed.com/%EC%B1%84%EC%9A%A9%EB%B3%B4%EA%B8%B0?jk=0169b94be63cdb76,Sales Director - Drives Segment(KR/JP)
https://kr.indeed.com/%EC%B1%84%EC%9A%A9%EB%B3%B4%EA%B8%B0?jk=f3032f72a38e5aff,Sr. Application Engineer Consultant - HAV
https://kr.indeed.com/%EC%B1%84%EC%9A%A9%EB%B3%B4%EA%B8%B0?jk=e9a24415cf526e94,Manager Business Development
https://kr.indeed.com/%EC%B1%84%EC%9A%A9%EB%B3%B4%EA%B8%B0?jk=e34df077f64bab64,Gunsmith III - Camp Carroll
https://kr.indeed.com/%EC%B1%84%EC%9A%A9%EB%B3%B4%EA%B8%B0?jk=a1412844cf7df28d,Services Sales Partner
https://kr.indeed.com/%EC%B1%84%EC%9A%A9%EB%B3%B4%EA%B8%B0?jk=d4d050f48f7e645d,Regulatory Affairs Specialist
https://kr.indeed.com/%EC%B1%84%EC%9A%A9%EB%B3%B4%EA%B8%B0?jk=838182ba7355dd02,[Product Strategy팀] B2B Product 기획 리더
https://kr.indeed.com/%EC%B1%84%EC%9A%A9%EB%B3%B4%EA%B8%B0?jk=a5c4cc2e1637728c,[정보보호기술] 클라우드 보안기술 개발자
https://kr.indeed.com/%EC%B1%84%EC%9A%A9%EB%B3%B4%EA%B8%B0?jk=149f9692fa7e6bc6,유명 주식투자 정보제공 기업 앱개발(iOS/Android) 프리랜서
https://kr.indeed.com/%EC%B1%84%EC%9A%A9%EB%B3%B4%EA%B8%B0?jk=e6d8fe4be8530083,"General Manager, Korea"
https://kr.indeed.com/%EC%B1%84%EC%9A%A9%EB%B3%B4%EA%B8%B0?jk=14e367c52d94c232,Global Account Executive - KR/TW/VN
https://kr.indeed.com/%EC%B1%84%EC%9A%A9%EB%B3%B4%EA%B8%B0?jk=669ccd5c8645cf89,General Business Sales Executive
https://kr.indeed.com/%EC%B1%84%EC%9A%A9%EB%B3%B4%EA%B8%B0?jk=28fe862717434e9c,Customer Experience Team Manager – Korean Team
https://kr.indeed.com/%EC%B1%84%EC%9A%A9%EB%B3%B4%EA%B8%B0?jk=03afcfb634bed654,Software Sales Specialist
https://kr.indeed.com/%EC%B1%84%EC%9A%A9%EB%B3%B4%EA%B8%B0?jk=a2c2003166e6f89e,"Development Engineer, Mechanical"
https://kr.indeed.com/%EC%B1%84%EC%9A%A9%EB%B3%B4%EA%B8%B0?jk=8c3fee33e5639dd4,"Marketing Director, Cross Industry"
https://kr.indeed.com/%EC%B1%84%EC%9A%A9%EB%B3%B4%EA%B8%B0?jk=93cbf581f0193863,Employer Branding Intern APAC- Seoul
https://kr.indeed.com/%EC%B1%84%EC%9A%A9%EB%B3%B4%EA%B8%B0?jk=d0c7756b2b74d3f7,Field Service Engineer South Korea
https://kr.indeed.com/%EC%B1%84%EC%9A%A9%EB%B3%B4%EA%B8%B0?jk=89deeac661ec318a,의류 매장직원 구함
https://kr.indeed.com/%EC%B1%84%EC%9A%A9%EB%B3%B4%EA%B8%B0?jk=2e96aac36067e78e,Partner Sales Manager-Channel Sales
https://kr.indeed.com/%EC%B1%84%EC%9A%A9%EB%B3%B4%EA%B8%B0?jk=f3f2ba12b12f6e98,Sales Representative I
https://kr.indeed.com/%EC%B1%84%EC%9A%A9%EB%B3%B4%EA%B8%B0?jk=7b6fe5f57be08c95,"Solution Architect for Cloud and Media, TSME"
https://kr.indeed.com/%EC%B1%84%EC%9A%A9%EB%B3%B4%EA%B8%B0?jk=7cddf04e9d799f13,MySQL Engineer 모집
https://kr.indeed.com/%EC%B1%84%EC%9A%A9%EB%B3%B4%EA%B8%B0?jk=35b6b35d86cf1718,EC Engineer
https://kr.indeed.com/%EC%B1%84%EC%9A%A9%EB%B3%B4%EA%B8%B0?jk=81a294aebe281ad8,"Product Manager, Wear OS"
https://kr.indeed.com/%EC%B1%84%EC%9A%A9%EB%B3%B4%EA%B8%B0?jk=aa2501254ef89381,"Manager Workplace Experience Seoul, South Korea Workplace Ex..."
https://kr.indeed.com/%EC%B1%84%EC%9A%A9%EB%B3%B4%EA%B8%B0?jk=9f2e21d749b7dba5,Trade Marketing Manager(Seoul) with Distribution Partner
https://kr.indeed.com/%EC%B1%84%EC%9A%A9%EB%B3%B4%EA%B8%B0?jk=5af5349ce2336445,"Manager Digital & Internal Communications Seoul, South Korea..."
https://kr.indeed.com/%EC%B1%84%EC%9A%A9%EB%B3%B4%EA%B8%B0?jk=1353a860430a020c,5G Cloud RAN 이동통신 R&D 소프트웨어 개발자(추가 채용)
https://kr.indeed.com/%EC%B1%84%EC%9A%A9%EB%B3%B4%EA%B8%B0?jk=78327818601e2c3c,Senior Marketing Specialist
https://kr.indeed.com/%EC%B1%84%EC%9A%A9%EB%B3%B4%EA%B8%B0?jk=05587a603552c0c9,"Global Account Lead, Auto (Korean, English)"
https://kr.indeed.com/%EC%B1%84%EC%9A%A9%EB%B3%B4%EA%B8%B0?jk=6b5d9465aa885868,"Business Planning Analyst Seoul, South Korea Finance"
https://kr.indeed.com/%EC%B1%84%EC%9A%A9%EB%B3%B4%EA%B8%B0?jk=6afc4ea116ad38ea,DCGS-ELS Materiel Manager (OCONUS - Osan AFB) (Secret Cleara...
https://kr.indeed.com/%EC%B1%84%EC%9A%A9%EB%B3%B4%EA%B8%B0?jk=7f6c5dfd19a44867,Sales Development Manager - Editron
https://kr.indeed.com/%EC%B1%84%EC%9A%A9%EB%B3%B4%EA%B8%B0?jk=7ed60e3a4a1cfa7b,Developer_PollEx (1)
https://kr.indeed.com/%EC%B1%84%EC%9A%A9%EB%B3%B4%EA%B8%B0?jk=a0ebfcee1e491cf9,트랜스코더 개발
https://kr.indeed.com/%EC%B1%84%EC%9A%A9%EB%B3%B4%EA%B8%B0?jk=88c8bdef45be8a54,웹 개발자(경력)
https://kr.indeed.com/%EC%B1%84%EC%9A%A9%EB%B3%B4%EA%B8%B0?jk=24ed878c0f64669d,Business Development Director (Korea)
https://kr.indeed.com/%EC%B1%84%EC%9A%A9%EB%B3%B4%EA%B8%B0?jk=9643760818195064,Account Executive - University
https://kr.indeed.com/%EC%B1%84%EC%9A%A9%EB%B3%B4%EA%B8%B0?jk=01d8e0e7ba5355f4,"Marketing Manager, English (Korea)"
https://kr.indeed.com/%EC%B1%84%EC%9A%A9%EB%B3%B4%EA%B8%B0?jk=f18b2cb8f2e70173,"Online Business Manager, eComm"
https://kr.indeed.com/%EC%B1%84%EC%9A%A9%EB%B3%B4%EA%B8%B0?jk=40f761508cdc4cec,[컨설팅] Digital_전략 및 기획 컨설턴트 경력직 채용
https://kr.indeed.com/%EC%B1%84%EC%9A%A9%EB%B3%B4%EA%B8%B0?jk=c675954fcfbae474,"Assistant Manager, Transactional Sales, South Korea"
https://kr.indeed.com/%EC%B1%84%EC%9A%A9%EB%B3%B4%EA%B8%B0?jk=dc17fd29a94fe6cb,Community Manager
https://kr.indeed.com/%EC%B1%84%EC%9A%A9%EB%B3%B4%EA%B8%B0?jk=ce900b80fb8689bf,Strategy Consultant
https://kr.indeed.com/%EC%B1%84%EC%9A%A9%EB%B3%B4%EA%B8%B0?jk=5b4d006b4ef16978,"Product Marketing Manager, Korea"
https://kr.indeed.com/%EC%B1%84%EC%9A%A9%EB%B3%B4%EA%B8%B0?jk=9f8e9ebcb4365ded,Lead Sales Representative
https://kr.indeed.com/%EC%B1%84%EC%9A%A9%EB%B3%B4%EA%B8%B0?jk=486b9cb21c586227,"Video Specialist, Large Customer Sales (English, Korean)"
https://kr.indeed.com/%EC%B1%84%EC%9A%A9%EB%B3%B4%EA%B8%B0?jk=2abacb94d98586ff,Marketing Manager
https://kr.indeed.com/%EC%B1%84%EC%9A%A9%EB%B3%B4%EA%B8%B0?jk=8115b6ef7b024646,"제조산업, 통신산업 대기업 담당 영업 포지션"
https://kr.indeed.com/%EC%B1%84%EC%9A%A9%EB%B3%B4%EA%B8%B0?jk=26f2f3b25f0f544e,"도서팀, 세일즈 매니저 Senior Sales Manager, Books (South Korea)"
https://kr.indeed.com/%EC%B1%84%EC%9A%A9%EB%B3%B4%EA%B8%B0?jk=fe4ebe1e6207d6ea,"External Communications Executive Seoul, South Korea Global..."
https://kr.indeed.com/%EC%B1%84%EC%9A%A9%EB%B3%B4%EA%B8%B0?jk=b526edbbce0bac85,(포천시 일동면) 함께하실 방문요양 요양보호사님 !
https://kr.indeed.com/%EC%B1%84%EC%9A%A9%EB%B3%B4%EA%B8%B0?jk=3a4f0bb87ade118b,Senior Retail Trainer
